day,strategy,expected,attributed,gap
2026-08-18,ks_branch,-121.25,790.0,911.25
2026-08-19,ks_branch,136.75,-3260.0,-3396.75
2026-08-20,ks_branch,452.5,-3950.0,-4402.5
2026-08-21,ks_branch,282.25,-1730.0,-2012.25
2026-08-24,ks_branch,1203.75,4270.0,3066.25
2026-08-25,ks_branch,16.0,7305.0,7289.0
2026-08-26,ks_branch,-337.75,-4440.0,-4102.25
2026-08-27,ks_branch,9943.0,-310.0,-10253.0
2026-08-31,ks_branch,1601.6000000000001,2014.2195980014803,412.6195980014802
2026-09-01,ks_branch,3812.0,21493.408922846313,17681.408922846313
2026-09-02,ks_branch,7326.0,20838.139052164577,13512.139052164577
2026-09-03,ks_branch,1214.0,-11295.40230469108,-12509.40230469108
2026-09-04,ks_branch,1372.0,7484.2105893950065,6112.2105893950065
2026-09-07,ks_branch,-2636.0,7575.116564177912,10211.116564177912
2026-09-08,ks_branch,13992.0,31820.945475084925,17828.945475084925
2026-09-09,ks_branch,18376.0,22964.52130080865,4588.52130080865
2026-09-10,ks_branch,-14856.0,7693.4872466966335,22549.487246696634
2026-09-11,ks_branch,-4504.0,12726.328887034222,17230.328887034222
2026-09-14,ks_branch,-9128.0,74285.60322315227,83413.60322315227
2026-09-15,ks_branch,-35980.0,-38253.41072726894,-2273.4107272689434
2026-09-16,ks_branch,23040.0,30744.995143034765,7704.995143034765
2026-09-17,ks_branch,-8676.0,-2944.4875628535665,5731.5124371464335
2026-08-18,fund_v3,1334.9092600000001,0.0,-1334.9092600000001
2026-08-19,fund_v3,-106.14328,0.0,106.14328
2026-08-20,fund_v3,1357.045,0.0,-1357.045
2026-08-21,fund_v3,-55.863490000000006,0.0,55.863490000000006
2026-08-24,fund_v3,-682.271925,0.0,682.271925
2026-08-25,fund_v3,736.54286,0.0,-736.54286
2026-08-26,fund_v3,-3347.0011200000004,0.0,3347.0011200000004
2026-08-27,fund_v3,7644.742160000001,-325.0,-7969.742160000001
2026-08-31,fund_v3,1671.1701600000001,51504.249924527474,49833.07976452747
2026-09-01,fund_v3,40129.1528,10714.362233343314,-29414.790566656688
2026-09-02,fund_v3,92866.395,-6790.914742188032,-99657.30974218804
2026-09-03,fund_v3,-40945.9765,2737.2746393425405,43683.25113934254
2026-09-04,fund_v3,-20422.7726,-9584.817137119902,10837.955462880098
2026-09-07,fund_v3,26182.821,26008.76777932358,-174.05322067641828
2026-09-08,fund_v3,20978.0343,28781.06395350551,7803.0296535055095
2026-09-09,fund_v3,17446.7478,-4330.816260624455,-21777.564060624456
2026-09-10,fund_v3,12482.8702,8767.257892082705,-3715.612307917294
2026-09-11,fund_v3,193016.8306,46002.96761309415,-147013.86298690585
2026-09-14,fund_v3,-38714.5398,-34938.0267034243,3776.513096575698
2026-09-15,fund_v3,18256.7266,34243.21080651721,15986.484206517205
2026-09-16,fund_v3,28586.846,40160.29344747742,11573.447447477422
2026-09-17,fund_v3,-2089.8206,4362.841040138021,6452.661640138021
2026-08-18,china_pairs,0.0,0.0,0.0
2026-08-19,china_pairs,0.0,0.0,0.0
2026-08-20,china_pairs,0.0,0.0,0.0
2026-08-21,china_pairs,0.0,0.0,0.0
2026-08-24,china_pairs,0.0,0.0,0.0
2026-08-25,china_pairs,0.0,0.0,0.0
2026-08-26,china_pairs,0.0,0.0,0.0
2026-08-27,china_pairs,0.0,0.0,0.0
2026-08-31,china_pairs,1737.0,-1066.7515624181146,-2803.7515624181146
2026-09-01,china_pairs,8388.75,5598.857563847876,-2789.892436152124
2026-09-02,china_pairs,10500.0,-11984.700122084896,-22484.700122084898
2026-09-03,china_pairs,8632.5,4054.8293645442363,-4577.670635455764
2026-09-04,china_pairs,243.75,-9649.49784904309,-9893.24784904309
2026-09-07,china_pairs,-3461.25,4995.472337623907,8456.722337623907
2026-09-08,china_pairs,6720.0,-3710.6844367573403,-10430.68443675734
2026-09-09,china_pairs,-18240.0,-7858.039740152213,10381.960259847787
2026-09-10,china_pairs,112.5,1659.4140092389498,1546.9140092389498
2026-09-11,china_pairs,12232.5,1996.2460834306057,-10236.253916569394
2026-09-14,china_pairs,-12727.5,-23924.834306189325,-11197.334306189325
2026-09-15,china_pairs,-4935.0,-3681.0235464203042,1253.9764535796958
2026-09-16,china_pairs,-6690.0,9279.508699863727,15969.508699863727
2026-09-17,china_pairs,10792.5,1931.8257909446547,-8860.674209055345
2026-08-18,ks_ext,0.0,0.0,0.0
2026-08-19,ks_ext,0.0,0.0,0.0
2026-08-20,ks_ext,0.0,0.0,0.0
2026-08-21,ks_ext,0.0,0.0,0.0
2026-08-24,ks_ext,0.0,0.0,0.0
2026-08-25,ks_ext,0.0,0.0,0.0
2026-08-26,ks_ext,0.0,0.0,0.0
2026-08-27,ks_ext,0.0,0.0,0.0
2026-08-31,ks_ext,0.0,0.0,0.0
2026-09-01,ks_ext,-598.75,-2284.4694031458744,-1685.7194031458744
2026-09-02,ks_ext,-959.375,1762.3235294117621,2721.698529411762
2026-09-03,ks_ext,-1577.5,304.18967587034786,1881.6896758703479
2026-09-04,ks_ext,2710.0,-51.05820105820021,-2761.0582010582
2026-09-07,ks_ext,213.125,6575.224775224768,6362.099775224768
2026-09-08,ks_ext,-2239.375,5723.9391030116785,7963.3141030116785
2026-09-09,ks_ext,2638.75,7794.004674403608,5155.254674403608
2026-09-10,ks_ext,4040.0,18589.296490309058,14549.296490309058
2026-09-11,ks_ext,-308.75,60819.1421107628,61127.8921107628
2026-09-14,ks_ext,-4225.0,4030.9565217391355,8255.956521739135
2026-09-15,ks_ext,880.0,-82084.0932615015,-82964.0932615015
2026-09-16,ks_ext,11491.25,29261.617741611408,17770.367741611408
2026-09-17,ks_ext,-6051.25,6059.071428571424,12110.321428571424
2026-08-18,chem_fund,0.0,0.0,0.0
2026-08-19,chem_fund,0.0,0.0,0.0
2026-08-20,chem_fund,0.0,0.0,0.0
2026-08-21,chem_fund,0.0,0.0,0.0
2026-08-24,chem_fund,0.0,0.0,0.0
2026-08-25,chem_fund,0.0,0.0,0.0
2026-08-26,chem_fund,0.0,0.0,0.0
2026-08-27,chem_fund,0.0,0.0,0.0
2026-08-31,chem_fund,4030.5,-15000.27489791446,-19030.77489791446
2026-09-01,chem_fund,12907.5,3884.5531295231867,-9022.946870476813
2026-09-02,chem_fund,5790.0,21754.116997227353,15964.116997227353
2026-09-03,chem_fund,-11452.5,-23859.7951852686,-12407.295185268598
2026-09-04,chem_fund,-2456.25,-9299.040076625195,-6842.790076625195
2026-09-07,chem_fund,-9562.5,2133.1022489783345,11695.602248978335
2026-09-08,chem_fund,8996.25,11088.472229760751,2092.2222297607514
2026-09-09,chem_fund,-1755.0,-1907.1183327315111,-152.11833273151115
2026-09-10,chem_fund,8737.5,23090.511882846207,14353.011882846207
2026-09-11,chem_fund,3712.5,6110.266942924856,2397.7669429248563
2026-09-14,chem_fund,24225.0,-18829.60331203,-43054.60331203
2026-09-15,chem_fund,-12795.0,-7894.915930773825,4900.084069226175
2026-09-16,chem_fund,-3457.5,4688.33229606155,8145.83229606155
2026-09-17,chem_fund,-8047.5,-33443.396405116255,-25395.896405116255
2026-08-18,agri_event,0.0,0.0,0.0
2026-08-19,agri_event,0.0,0.0,0.0
2026-08-20,agri_event,0.0,0.0,0.0
2026-08-21,agri_event,0.0,0.0,0.0
2026-08-24,agri_event,0.0,0.0,0.0
2026-08-25,agri_event,0.0,0.0,0.0
2026-08-26,agri_event,0.0,0.0,0.0
2026-08-27,agri_event,0.0,0.0,0.0
2026-08-31,agri_event,-3468.0,-1508.3400008540711,1959.6599991459289
2026-09-01,agri_event,2240.0,-2541.814882032668,-4781.814882032668
2026-09-02,agri_event,4800.0,5226.035285469247,426.03528546924736
2026-09-03,agri_event,-3180.0,4432.436847325127,7612.436847325127
2026-09-04,agri_event,530.0,2421.191523390644,1891.1915233906439
2026-09-07,agri_event,4160.0,-2434.4827586206898,-6594.48275862069
2026-09-08,agri_event,3590.0,4203.9473684210525,613.9473684210525
2026-09-09,agri_event,1100.0,4702.502673082064,3602.5026730820637
2026-09-10,agri_event,-5100.0,-13919.989062072736,-8819.989062072736
2026-09-11,agri_event,-7000.0,-877.0817417876247,6122.918258212376
2026-09-14,agri_event,-19020.0,-674.0147783251232,18345.985221674877
2026-09-15,agri_event,-12955.0,-2720.686792782559,10234.313207217441
2026-09-16,agri_event,-14940.0,-525.6470350199799,14414.35296498002
2026-09-17,agri_event,-4040.0,-5823.260393873085,-1783.2603938730854
2026-08-18,stat_arb,0.0,0.0,0.0
2026-08-19,stat_arb,0.0,0.0,0.0
2026-08-20,stat_arb,0.0,0.0,0.0
2026-08-21,stat_arb,0.0,0.0,0.0
2026-08-24,stat_arb,0.0,0.0,0.0
2026-08-25,stat_arb,0.0,0.0,0.0
2026-08-26,stat_arb,0.0,0.0,0.0
2026-08-27,stat_arb,0.0,0.0,0.0
2026-08-31,stat_arb,3603.25,3846.8969386577255,243.6469386577255
2026-09-01,stat_arb,-3964.375,-7149.897564382154,-3185.522564382154
2026-09-02,stat_arb,0.0,0.0,0.0
2026-09-03,stat_arb,-2043.75,3176.4669628773927,5220.216962877393
2026-09-04,stat_arb,-600.0,-5335.988848939272,-4735.988848939272
2026-09-07,stat_arb,-8140.625,-4728.20094670781,3412.4240532921904
2026-09-08,stat_arb,-3159.375,-8347.683693026584,-5188.308693026584
2026-09-09,stat_arb,7416.25,-4335.054314786153,-11751.304314786154
2026-09-10,stat_arb,7525.0,20925.02154089923,13400.02154089923
2026-09-11,stat_arb,-2057.5,-13162.869895459073,-11105.369895459073
2026-09-14,stat_arb,-901.25,-16755.08064492272,-15853.83064492272
2026-09-15,stat_arb,-9702.5,-6889.080547770083,2813.4194522299167
2026-09-16,stat_arb,-26006.25,-34989.100293029005,-8982.850293029005
2026-09-17,stat_arb,-8326.25,-22817.59389781121,-14491.34389781121
