day,product,holding_pnl,trading_pnl,settle_adj,total_pnl
2026-08-18,CF,25.0,-50.0,300.0,275.0
2026-08-18,FG,0.0,40.0,-20.0,20.0
2026-08-18,OI,180.0,0.0,-190.0,-10.0
2026-08-18,RM,-110.0,-190.0,0.0,-300.0
2026-08-18,SA,180.0,60.0,-120.0,120.0
2026-08-18,SF,0.0,-190.0,150.0,-40.0
2026-08-18,SM,-10.0,130.0,40.0,160.0
2026-08-18,SR,0.0,450.0,-420.0,30.0
2026-08-18,TA,0.0,10.0,-50.0,-40.0
2026-08-18,a,130.0,420.0,-40.0,510.0
2026-08-18,b,0.0,480.0,-380.0,100.0
2026-08-18,bu,-200.0,60.0,-100.0,-240.0
2026-08-18,c,-50.0,30.0,0.0,-20.0
2026-08-18,cs,-280.0,-870.0,720.0,-430.0
2026-08-18,hc,0.0,10.0,0.0,10.0
2026-08-18,l,140.0,-70.0,-165.0,-95.0
2026-08-18,m,-220.0,-40.0,170.0,-90.0
2026-08-18,ni,0.0,10.0,-20.0,-10.0
2026-08-18,p,1380.0,-630.0,180.0,930.0
2026-08-18,pp,305.0,165.0,-320.0,150.0
2026-08-18,rb,-10.0,20.0,-60.0,-50.0
2026-08-18,sp,0.0,-220.0,80.0,-140.0
2026-08-18,ss,125.0,75.0,-150.0,50.0
2026-08-18,v,10.0,95.0,-95.0,10.0
2026-08-18,y,-180.0,90.0,120.0,30.0
2026-08-18,zn,-75.0,0.0,50.0,-25.0
2026-08-19,CF,-600.0,0.0,-450.0,-1050.0
2026-08-19,FG,180.0,0.0,-80.0,100.0
2026-08-19,OI,140.0,0.0,40.0,180.0
2026-08-19,RM,-110.0,-180.0,320.0,30.0
2026-08-19,SA,-940.0,20.0,400.0,-520.0
2026-08-19,SF,-70.0,0.0,-80.0,-150.0
2026-08-19,SM,-360.0,0.0,280.0,-80.0
2026-08-19,SR,1560.0,0.0,-80.0,1480.0
2026-08-19,TA,170.0,0.0,-10.0,160.0
2026-08-19,a,40.0,0.0,0.0,40.0
2026-08-19,al,0.0,275.0,-300.0,-25.0
2026-08-19,b,740.0,0.0,120.0,860.0
2026-08-19,bu,-620.0,0.0,460.0,-160.0
2026-08-19,c,120.0,90.0,-160.0,50.0
2026-08-19,cs,-2480.0,180.0,510.0,-1790.0
2026-08-19,hc,10.0,0.0,-10.0,0.0
2026-08-19,l,790.0,5.0,-210.0,585.0
2026-08-19,m,-320.0,0.0,0.0,-320.0
2026-08-19,ni,50.0,0.0,-50.0,0.0
2026-08-19,p,40.0,0.0,40.0,80.0
2026-08-19,pp,570.0,-95.0,-75.0,400.0
2026-08-19,rb,-30.0,0.0,120.0,90.0
2026-08-19,sp,200.0,0.0,-40.0,160.0
2026-08-19,ss,0.0,0.0,100.0,100.0
2026-08-19,v,65.0,15.0,15.0,95.0
2026-08-19,y,-120.0,0.0,-360.0,-480.0
2026-08-19,zn,25.0,25.0,0.0,50.0
2026-08-20,CF,825.0,0.0,-225.0,600.0
2026-08-20,FG,-260.0,100.0,0.0,-160.0
2026-08-20,OI,-10.0,0.0,-70.0,-80.0
2026-08-20,RM,-560.0,-20.0,300.0,-280.0
2026-08-20,SA,560.0,0.0,0.0,560.0
2026-08-20,SF,-30.0,40.0,-10.0,0.0
2026-08-20,SM,-280.0,0.0,80.0,-200.0
2026-08-20,SR,420.0,-220.0,-160.0,40.0
2026-08-20,TA,30.0,-90.0,40.0,-20.0
2026-08-20,a,-140.0,460.0,-230.0,90.0
2026-08-20,al,650.0,100.0,-100.0,650.0
2026-08-20,b,460.0,0.0,-120.0,340.0
2026-08-20,bu,-740.0,0.0,280.0,-460.0
2026-08-20,c,180.0,60.0,-10.0,230.0
2026-08-20,cs,-50.0,170.0,-130.0,-10.0
2026-08-20,eb,0.0,185.0,0.0,185.0
2026-08-20,hc,-30.0,90.0,0.0,60.0
2026-08-20,i,0.0,250.0,-50.0,200.0
2026-08-20,l,595.0,-105.0,45.0,535.0
2026-08-20,m,410.0,0.0,-70.0,340.0
2026-08-20,ni,50.0,-20.0,0.0,30.0
2026-08-20,p,-190.0,830.0,-640.0,0.0
2026-08-20,pp,145.0,145.0,50.0,340.0
2026-08-20,rb,180.0,0.0,-30.0,150.0
2026-08-20,sp,-720.0,0.0,560.0,-160.0
2026-08-20,ss,50.0,0.0,50.0,100.0
2026-08-20,v,-915.0,615.0,80.0,-220.0
2026-08-20,y,-60.0,0.0,300.0,240.0
2026-08-20,zn,0.0,50.0,-50.0,0.0
2026-08-21,CF,150.0,25.0,-200.0,-25.0
2026-08-21,FG,120.0,120.0,40.0,280.0
2026-08-21,OI,700.0,0.0,-180.0,520.0
2026-08-21,RM,-140.0,40.0,200.0,100.0
2026-08-21,SF,-270.0,-10.0,260.0,-20.0
2026-08-21,SM,-120.0,0.0,100.0,-20.0
2026-08-21,SR,-10.0,20.0,50.0,60.0
2026-08-21,TA,-20.0,0.0,-40.0,-60.0
2026-08-21,a,-790.0,0.0,260.0,-530.0
2026-08-21,al,150.0,0.0,-50.0,100.0
2026-08-21,b,-550.0,0.0,210.0,-340.0
2026-08-21,bu,420.0,0.0,-260.0,160.0
2026-08-21,c,20.0,0.0,-20.0,0.0
2026-08-21,cs,-130.0,0.0,470.0,340.0
2026-08-21,eb,0.0,120.0,0.0,120.0
2026-08-21,hc,80.0,0.0,-20.0,60.0
2026-08-21,i,50.0,0.0,0.0,50.0
2026-08-21,l,-5.0,-10.0,10.0,-5.0
2026-08-21,m,320.0,0.0,-120.0,200.0
2026-08-21,p,380.0,0.0,-140.0,240.0
2026-08-21,pp,550.0,-240.0,30.0,340.0
2026-08-21,rb,-210.0,10.0,120.0,-80.0
2026-08-21,sp,-1300.0,20.0,0.0,-1280.0
2026-08-21,ss,-50.0,0.0,-50.0,-100.0
2026-08-21,v,-460.0,-20.0,10.0,-470.0
2026-08-21,y,-480.0,0.0,-120.0,-600.0
2026-08-21,zn,-25.0,0.0,0.0,-25.0
2026-08-24,CF,400.0,0.0,-400.0,0.0
2026-08-24,FG,-60.0,-80.0,40.0,-100.0
2026-08-24,OI,-10.0,0.0,190.0,180.0
2026-08-24,RM,-30.0,60.0,-40.0,-10.0
2026-08-24,SF,50.0,0.0,-50.0,0.0
2026-08-24,SM,-150.0,20.0,80.0,-50.0
2026-08-24,SR,-120.0,0.0,130.0,10.0
2026-08-24,TA,20.0,10.0,0.0,30.0
2026-08-24,a,-110.0,110.0,-60.0,-60.0
2026-08-24,al,-100.0,75.0,-100.0,-125.0
2026-08-24,b,50.0,10.0,-10.0,50.0
2026-08-24,bu,300.0,0.0,120.0,420.0
2026-08-24,c,260.0,30.0,-110.0,180.0
2026-08-24,cs,-620.0,0.0,-120.0,-740.0
2026-08-24,eb,0.0,220.0,30.0,250.0
2026-08-24,hc,-160.0,-80.0,250.0,10.0
2026-08-24,i,-200.0,0.0,-50.0,-250.0
2026-08-24,l,-40.0,10.0,25.0,-5.0
2026-08-24,m,240.0,80.0,-90.0,230.0
2026-08-24,ni,0.0,-20.0,-80.0,-100.0
2026-08-24,p,790.0,-330.0,-280.0,180.0
2026-08-24,pp,-150.0,0.0,90.0,-60.0
2026-08-24,rb,-140.0,0.0,0.0,-140.0
2026-08-24,sp,0.0,40.0,-60.0,-20.0
2026-08-24,ss,25.0,0.0,0.0,25.0
2026-08-24,v,100.0,115.0,-145.0,70.0
2026-08-24,y,750.0,210.0,-100.0,860.0
2026-08-24,zn,0.0,175.0,-250.0,-75.0
2026-08-25,CF,300.0,-75.0,100.0,325.0
2026-08-25,FG,20.0,-60.0,-100.0,-140.0
2026-08-25,OI,40.0,0.0,-150.0,-110.0
2026-08-25,RM,-20.0,160.0,-130.0,10.0
2026-08-25,SF,-200.0,-50.0,40.0,-210.0
2026-08-25,SM,-480.0,0.0,280.0,-200.0
2026-08-25,SR,-210.0,-230.0,160.0,-280.0
2026-08-25,TA,0.0,-180.0,-40.0,-220.0
2026-08-25,a,220.0,0.0,-100.0,120.0
2026-08-25,al,350.0,0.0,75.0,425.0
2026-08-25,b,10.0,0.0,-120.0,-110.0
2026-08-25,bu,-40.0,0.0,-100.0,-140.0
2026-08-25,c,30.0,0.0,-40.0,-10.0
2026-08-25,cs,120.0,-10.0,30.0,140.0
2026-08-25,eb,525.0,0.0,350.0,875.0
2026-08-25,hc,-350.0,20.0,120.0,-210.0
2026-08-25,i,-100.0,0.0,0.0,-100.0
2026-08-25,l,-75.0,0.0,40.0,-35.0
2026-08-25,m,60.0,120.0,-110.0,70.0
2026-08-25,ni,90.0,10.0,0.0,100.0
2026-08-25,p,120.0,0.0,-90.0,30.0
2026-08-25,pp,-225.0,0.0,-50.0,-275.0
2026-08-25,rb,-40.0,10.0,0.0,-30.0
2026-08-25,sp,120.0,0.0,40.0,160.0
2026-08-25,ss,-50.0,-25.0,50.0,-25.0
2026-08-25,v,670.0,15.0,80.0,765.0
2026-08-25,y,-200.0,280.0,180.0,260.0
2026-08-25,zn,50.0,0.0,0.0,50.0
2026-08-26,CF,-250.0,-125.0,50.0,-325.0
2026-08-26,FG,280.0,-240.0,80.0,120.0
2026-08-26,OI,70.0,0.0,0.0,70.0
2026-08-26,RM,580.0,-470.0,90.0,200.0
2026-08-26,SF,780.0,-280.0,-90.0,410.0
2026-08-26,SM,-640.0,0.0,200.0,-440.0
2026-08-26,SR,-280.0,0.0,-70.0,-350.0
2026-08-26,TA,-60.0,0.0,-30.0,-90.0
2026-08-26,a,200.0,340.0,-180.0,360.0
2026-08-26,al,-325.0,50.0,0.0,-275.0
2026-08-26,b,470.0,0.0,-160.0,310.0
2026-08-26,bu,-220.0,0.0,-60.0,-280.0
2026-08-26,c,190.0,20.0,-140.0,70.0
2026-08-26,cs,-60.0,-50.0,80.0,-30.0
2026-08-26,eb,-2085.0,0.0,0.0,-2085.0
2026-08-26,hc,-160.0,0.0,120.0,-40.0
2026-08-26,i,0.0,-150.0,100.0,-50.0
2026-08-26,l,205.0,-145.0,-300.0,-240.0
2026-08-26,m,410.0,0.0,-210.0,200.0
2026-08-26,ni,0.0,10.0,-60.0,-50.0
2026-08-26,p,270.0,0.0,-40.0,230.0
2026-08-26,pp,350.0,130.0,165.0,645.0
2026-08-26,rb,0.0,10.0,0.0,10.0
2026-08-26,sp,200.0,0.0,-220.0,-20.0
2026-08-26,ss,150.0,75.0,25.0,250.0
2026-08-26,v,0.0,95.0,-355.0,-260.0
2026-08-26,y,-130.0,-170.0,40.0,-260.0
2026-08-26,zn,-50.0,0.0,225.0,175.0
2026-08-27,CF,100.0,325.0,225.0,650.0
2026-08-27,CY,0.0,-325.0,1100.0,775.0
2026-08-27,FG,-160.0,-340.0,180.0,-320.0
2026-08-27,OI,200.0,-190.0,700.0,710.0
2026-08-27,RM,80.0,390.0,190.0,660.0
2026-08-27,SA,0.0,-40.0,-80.0,-120.0
2026-08-27,SF,-480.0,-900.0,-320.0,-1700.0
2026-08-27,SH,0.0,-60.0,180.0,120.0
2026-08-27,SM,-160.0,70.0,-280.0,-370.0
2026-08-27,SR,300.0,-660.0,1500.0,1140.0
2026-08-27,TA,-40.0,-30.0,-390.0,-460.0
2026-08-27,a,-130.0,-100.0,-1690.0,-1920.0
2026-08-27,al,0.0,1050.0,-1075.0,-25.0
2026-08-27,b,750.0,920.0,160.0,1830.0
2026-08-27,bu,1040.0,1020.0,-120.0,1940.0
2026-08-27,c,230.0,-210.0,-640.0,-620.0
2026-08-27,cs,-400.0,-220.0,260.0,-360.0
2026-08-27,cu,0.0,-1550.0,-1650.0,-3200.0
2026-08-27,eb,0.0,-405.0,500.0,95.0
2026-08-27,eg,0.0,-200.0,-220.0,-420.0
2026-08-27,fu,0.0,-160.0,-320.0,-480.0
2026-08-27,hc,-160.0,-170.0,-210.0,-540.0
2026-08-27,i,-200.0,-150.0,300.0,-50.0
2026-08-27,l,185.0,95.0,-340.0,-60.0
2026-08-27,m,710.0,340.0,270.0,1320.0
2026-08-27,ni,-10.0,10.0,0.0,0.0
2026-08-27,p,510.0,540.0,2480.0,3530.0
2026-08-27,pp,75.0,-205.0,450.0,320.0
2026-08-27,rb,-70.0,-50.0,180.0,60.0
2026-08-27,sp,300.0,160.0,-80.0,380.0
2026-08-27,ss,-175.0,-525.0,350.0,-350.0
2026-08-27,v,420.0,325.0,-2420.0,-1675.0
2026-08-27,y,-180.0,-250.0,2400.0,1970.0
2026-08-27,zn,225.0,-1975.0,675.0,-1075.0
2026-08-31,CF,-450.0,-475.0,-125.0,-1050.0
2026-08-31,CY,-2100.0,-2200.0,25.0,-4275.0
2026-08-31,FG,-580.0,-280.0,40.0,-820.0
2026-08-31,MA,0.0,830.0,-320.0,510.0
2026-08-31,OI,220.0,-40.0,-140.0,40.0
2026-08-31,PF,0.0,2750.0,-2620.0,130.0
2026-08-31,RM,-640.0,330.0,-170.0,-480.0
2026-08-31,SA,1380.0,-160.0,-400.0,820.0
2026-08-31,SF,-1760.0,-180.0,320.0,-1620.0
2026-08-31,SH,660.0,120.0,-480.0,300.0
2026-08-31,SM,-1120.0,-730.0,-300.0,-2150.0
2026-08-31,SR,450.0,3400.0,-3420.0,430.0
2026-08-31,TA,-1220.0,2820.0,-1520.0,80.0
2026-08-31,a,2750.0,-1100.0,690.0,2340.0
2026-08-31,al,-1400.0,-950.0,1475.0,-875.0
2026-08-31,ao,0.0,340.0,-60.0,280.0
2026-08-31,b,1770.0,510.0,-300.0,1980.0
2026-08-31,bu,60.0,-1170.0,2770.0,1660.0
2026-08-31,c,1010.0,-210.0,-380.0,420.0
2026-08-31,cs,-3540.0,-1530.0,700.0,-4370.0
2026-08-31,cu,-2850.0,5100.0,-300.0,1950.0
2026-08-31,eb,2405.0,2115.0,-2325.0,2195.0
2026-08-31,eg,-2450.0,520.0,-2430.0,-4360.0
2026-08-31,fu,60.0,260.0,-590.0,-270.0
2026-08-31,hc,-990.0,2840.0,-1660.0,190.0
2026-08-31,i,-200.0,200.0,-250.0,-250.0
2026-08-31,l,-2485.0,3520.0,-3020.0,-1985.0
2026-08-31,m,-1120.0,1170.0,-150.0,-100.0
2026-08-31,ni,0.0,370.0,450.0,820.0
2026-08-31,p,5180.0,2460.0,-2520.0,5120.0
2026-08-31,pb,0.0,-575.0,475.0,-100.0
2026-08-31,pp,2420.0,75.0,365.0,2860.0
2026-08-31,rb,720.0,-1390.0,1050.0,380.0
2026-08-31,sp,120.0,380.0,-680.0,-180.0
2026-08-31,ss,-700.0,300.0,375.0,-25.0
2026-08-31,v,-4660.0,8340.0,-5950.0,-2270.0
2026-08-31,y,2890.0,-700.0,-600.0,1590.0
2026-08-31,zn,875.0,700.0,-875.0,700.0
2026-09-01,CF,200.0,175.0,1400.0,1775.0
2026-09-01,CY,-125.0,-375.0,275.0,-225.0
2026-09-01,FG,-3400.0,-6340.0,5260.0,-4480.0
2026-09-01,IF,0.0,-960.0,120.00000000043656,-839.9999999995634
2026-09-01,IH,0.0,-780.0,0.0,-780.0
2026-09-01,MA,60.0,-330.0,620.0,350.0
2026-09-01,OI,-580.0,-1010.0,800.0,-790.0
2026-09-01,PF,5520.0,850.0,-800.0,5570.0
2026-09-01,RM,70.0,-400.0,720.0,390.0
2026-09-01,SA,200.0,-120.0,440.0,520.0
2026-09-01,SF,-2800.0,-6210.0,6300.0,-2710.0
2026-09-01,SH,1380.0,900.0,-2010.0,270.0
2026-09-01,SM,200.0,-260.0,20.0,-40.0
2026-09-01,SR,4410.0,4590.0,-2100.0,6900.0
2026-09-01,TA,3250.0,-20.0,-990.0,2240.0
2026-09-01,a,-1020.0,230.0,-2640.0,-3430.0
2026-09-01,al,-2300.0,-950.0,1875.0,-1375.0
2026-09-01,ao,180.0,420.0,-400.0,200.0
2026-09-01,b,4200.0,2300.0,-7700.0,-1200.0
2026-09-01,br,0.0,-225.0,150.0,-75.0
2026-09-01,bu,-6670.0,-1010.0,2200.0,-5480.0
2026-09-01,c,-130.0,320.0,-820.0,-630.0
2026-09-01,cs,2360.0,-3490.0,-1470.0,-2600.0
2026-09-01,cu,300.0,-50.0,600.0,850.0
2026-09-01,eb,2750.0,310.0,650.0,3710.0
2026-09-01,eg,5370.0,410.0,-710.0,5070.0
2026-09-01,fu,440.0,-140.0,70.0,370.0
2026-09-01,hc,-1240.0,-650.0,1180.0,-710.0
2026-09-01,i,0.0,700.0,-150.0,550.0
2026-09-01,l,3360.0,-805.0,600.0,3155.0
2026-09-01,lh,0.0,-1280.0,960.0,-320.0
2026-09-01,lu,0.0,-230.0,-40.0,-270.0
2026-09-01,m,1080.0,-60.0,-2120.0,-1100.0
2026-09-01,ni,-330.0,-320.0,-1030.0,-1680.0
2026-09-01,p,4840.0,1660.0,-2720.0,3780.0
2026-09-01,pb,525.0,50.0,125.0,700.0
2026-09-01,pg,0.0,-100.0,-140.0,-240.0
2026-09-01,pp,-375.0,-75.0,960.0,510.0
2026-09-01,rb,1440.0,100.0,480.0,2020.0
2026-09-01,ru,0.0,-2600.0,3650.0,1050.0
2026-09-01,sn,0.0,-410.0,-490.0,-900.0
2026-09-01,sp,-760.0,-1880.0,3080.0,440.0
2026-09-01,ss,-300.0,-425.0,-150.0,-875.0
2026-09-01,v,12720.0,205.0,-1535.0,11390.0
2026-09-01,y,480.0,-2900.0,440.0,-1980.0
2026-09-01,zn,2375.0,-450.0,1050.0,2975.0
2026-09-02,CF,-3275.0,2200.0,-400.0,-1475.0
2026-09-02,CY,-1175.0,2300.0,-25.0,1100.0
2026-09-02,FG,-3400.0,-1360.0,-200.0,-4960.0
2026-09-02,IF,1800.0,0.0,0.0,1800.0
2026-09-02,IH,-2160.0,1800.0,-299.9999999994543,-659.9999999994543
2026-09-02,MA,1060.0,230.0,2020.0,3310.0
2026-09-02,OI,5510.0,-6840.0,-470.0,-1800.0
2026-09-02,PF,4910.0,-70.0,310.0,5150.0
2026-09-02,RM,410.0,290.0,-1750.0,-1050.0
2026-09-02,SA,-160.0,700.0,-2560.0,-2020.0
2026-09-02,SF,1400.0,-480.0,-2560.0,-1640.0
2026-09-02,SH,-2100.0,0.0,1980.0,-120.0
2026-09-02,SM,1160.0,0.0,-760.0,400.0
2026-09-02,SR,-8190.0,-1570.0,10740.0,980.0
2026-09-02,TA,4590.0,-800.0,780.0,4570.0
2026-09-02,a,0.0,3910.0,4170.0,8080.0
2026-09-02,al,-1050.0,0.0,1650.0,600.0
2026-09-02,ao,1400.0,100.0,0.0,1500.0
2026-09-02,b,5900.0,110.0,1470.0,7480.0
2026-09-02,br,25.0,0.0,0.0,25.0
2026-09-02,bu,-1500.0,-810.0,-3370.0,-5680.0
2026-09-02,c,-440.0,-290.0,2920.0,2190.0
2026-09-02,cs,10130.0,570.0,-5400.0,5300.0
2026-09-02,cu,-2000.0,0.0,800.0,-1200.0
2026-09-02,eb,12235.0,-1250.0,-1040.0,9945.0
2026-09-02,eg,6580.0,0.0,760.0,7340.0
2026-09-02,fu,150.0,-1750.0,70.0,-1530.0
2026-09-02,hc,-14830.0,1360.0,10900.0,-2570.0
2026-09-02,i,-2100.0,500.0,550.0,-1050.0
2026-09-02,l,7190.0,8360.0,610.0,16160.0
2026-09-02,lh,-640.0,0.0,240.0,-400.0
2026-09-02,lu,1900.0,850.0,-160.0,2590.0
2026-09-02,m,680.0,0.0,1110.0,1790.0
2026-09-02,ni,-290.0,10.0,240.0,-40.0
2026-09-02,p,-8360.0,1550.0,4340.0,-2470.0
2026-09-02,pb,-100.0,-100.0,-25.0,-225.0
2026-09-02,pg,9300.0,0.0,780.0,10080.0
2026-09-02,pp,-2460.0,-1520.0,1800.0,-2180.0
2026-09-02,rb,19360.0,-1340.0,-10360.0,7660.0
2026-09-02,ru,-6350.0,0.0,-1400.0,-7750.0
2026-09-02,sn,280.0,0.0,50.0,330.0
2026-09-02,sp,-1860.0,600.0,-100.0,-1360.0
2026-09-02,ss,-150.0,75.0,-600.0,-675.0
2026-09-02,v,2715.0,-265.0,-65.0,2385.0
2026-09-02,y,-1830.0,440.0,1240.0,-150.0
2026-09-02,zn,-1600.0,0.0,-450.0,-2050.0
2026-09-03,CF,-1100.0,-50.0,875.0,-275.0
2026-09-03,CY,-775.0,4450.0,-350.0,3325.0
2026-09-03,FG,220.0,-1860.0,660.0,-980.0
2026-09-03,IF,480.0,0.0,0.0,480.0
2026-09-03,IH,-3060.0,2160.0,539.9999999999181,-360.00000000008185
2026-09-03,MA,-6380.0,0.0,2040.0,-4340.0
2026-09-03,OI,2120.0,1190.0,-2010.0,1300.0
2026-09-03,PF,-3260.0,1760.0,2150.0,650.0
2026-09-03,RM,-300.0,0.0,20.0,-280.0
2026-09-03,SA,2560.0,660.0,-1340.0,1880.0
2026-09-03,SF,-12940.0,1440.0,6000.0,-5500.0
2026-09-03,SH,-1890.0,-90.0,180.0,-1800.0
2026-09-03,SM,1210.0,170.0,-20.0,1360.0
2026-09-03,SR,11100.0,-60.0,-3870.0,7170.0
2026-09-03,TA,-4630.0,-220.0,4400.0,-450.0
2026-09-03,a,-2820.0,-10.0,300.0,-2530.0
2026-09-03,al,-13650.0,0.0,4350.0,-9300.0
2026-09-03,ao,0.0,-100.0,-40.0,-140.0
2026-09-03,b,5420.0,0.0,2420.0,7840.0
2026-09-03,bu,-700.0,-250.0,1170.0,220.0
2026-09-03,c,4850.0,-510.0,-3720.0,620.0
2026-09-03,cs,-7280.0,170.0,7690.0,580.0
2026-09-03,cu,-600.0,1400.0,-1850.0,-1050.0
2026-09-03,eb,6060.0,120.0,-255.0,5925.0
2026-09-03,eg,-6590.0,0.0,3960.0,-2630.0
2026-09-03,fu,-4830.0,1450.0,420.0,-2960.0
2026-09-03,hc,-10050.0,-660.0,-2110.0,-12820.0
2026-09-03,i,-550.0,-1200.0,1250.0,-500.0
2026-09-03,l,-645.0,-2900.0,3380.0,-165.0
2026-09-03,lh,480.0,0.0,-160.0,320.0
2026-09-03,lu,-380.0,250.0,90.0,-40.0
2026-09-03,m,3980.0,310.0,-610.0,3680.0
2026-09-03,ni,240.0,210.0,-580.0,-130.0
2026-09-03,p,-770.0,0.0,1750.0,980.0
2026-09-03,pb,100.0,-175.0,175.0,100.0
2026-09-03,pg,-620.0,0.0,0.0,-620.0
2026-09-03,pp,-4740.0,685.0,570.0,-3485.0
2026-09-03,rb,12410.0,-820.0,2170.0,13760.0
2026-09-03,ru,1100.0,0.0,1100.0,2200.0
2026-09-03,sn,-140.0,0.0,-190.0,-330.0
2026-09-03,sp,380.0,480.0,-540.0,320.0
2026-09-03,ss,1800.0,-25.0,50.0,1825.0
2026-09-03,v,-2705.0,2450.0,770.0,515.0
2026-09-03,y,380.0,-3400.0,3490.0,470.0
2026-09-03,zn,-925.0,5650.0,-300.0,4425.0
2026-09-04,CF,-975.0,-575.0,-500.0,-2050.0
2026-09-04,CY,-50.0,175.0,-25.0,100.0
2026-09-04,FG,2540.0,2060.0,-2840.0,1760.0
2026-09-04,IF,0.0,0.0,-239.99999999978172,-239.99999999978172
2026-09-04,IH,-900.0,0.0,1080.0000000002456,180.00000000024556
2026-09-04,MA,1220.0,0.0,-1040.0,180.0
2026-09-04,OI,2330.0,-1030.0,860.0,2160.0
2026-09-04,PF,-1440.0,100.0,80.0,-1260.0
2026-09-04,RM,-1670.0,-650.0,2020.0,-300.0
2026-09-04,SA,-8900.0,-5040.0,5640.0,-8300.0
2026-09-04,SF,-22800.0,140.0,1780.0,-20880.0
2026-09-04,SH,4080.0,-2400.0,-390.0,1290.0
2026-09-04,SM,2220.0,200.0,-1940.0,480.0
2026-09-04,SR,4890.0,-30.0,-5200.0,-340.0
2026-09-04,TA,-6100.0,0.0,2160.0,-3940.0
2026-09-04,UR,0.0,-400.0,200.0,-200.0
2026-09-04,a,3050.0,-100.0,-1800.0,1150.0
2026-09-04,al,-675.0,-50.0,-3900.0,-4625.0
2026-09-04,ao,-100.0,-800.0,520.0,-380.0
2026-09-04,b,3870.0,-450.0,0.0,3420.0
2026-09-04,bu,-870.0,-10.0,-70.0,-950.0
2026-09-04,c,2540.0,-130.0,-1180.0,1230.0
2026-09-04,cs,-490.0,90.0,270.0,-130.0
2026-09-04,cu,-200.0,0.0,-1250.0,-1450.0
2026-09-04,eb,1835.0,0.0,2335.0,4170.0
2026-09-04,eg,2670.0,720.0,-2640.0,750.0
2026-09-04,fu,280.0,10.0,40.0,330.0
2026-09-04,hc,10540.0,0.0,-610.0,9930.0
2026-09-04,i,-750.0,0.0,250.0,-500.0
2026-09-04,l,880.0,-260.0,240.0,860.0
2026-09-04,lh,160.0,0.0,400.0,560.0
2026-09-04,lu,470.0,190.0,-60.0,600.0
2026-09-04,m,4640.0,280.0,-2460.0,2460.0
2026-09-04,ni,-850.0,0.0,180.0,-670.0
2026-09-04,p,-420.0,170.0,-1080.0,-1330.0
2026-09-04,pb,75.0,-175.0,-175.0,-275.0
2026-09-04,pg,0.0,-1140.0,-160.0,-1300.0
2026-09-04,pp,-3645.0,310.0,-910.0,-4245.0
2026-09-04,rb,-16690.0,3210.0,1740.0,-11740.0
2026-09-04,ru,350.0,700.0,1150.0,2200.0
2026-09-04,sn,290.0,0.0,-80.0,210.0
2026-09-04,sp,-1060.0,-360.0,1340.0,-80.0
2026-09-04,ss,150.0,-125.0,-325.0,-300.0
2026-09-04,v,6720.0,3175.0,-3090.0,6805.0
2026-09-04,y,-270.0,1060.0,60.0,850.0
2026-09-04,zn,-4100.0,0.0,-750.0,-4850.0
2026-09-07,CF,-1200.0,100.0,1250.0,150.0
2026-09-07,CY,225.0,-3425.0,875.0,-2325.0
2026-09-07,FG,840.0,100.0,1180.0,2120.0
2026-09-07,IF,-840.0,0.0,359.9999999996726,-480.0000000003274
2026-09-07,IH,1080.0,720.0,-839.9999999997817,960.0000000002183
2026-09-07,MA,2040.0,0.0,-1100.0,940.0
2026-09-07,OI,-3280.0,-400.0,3070.0,-610.0
2026-09-07,PF,-540.0,10.0,-20.0,-550.0
2026-09-07,RM,120.0,20.0,-880.0,-740.0
2026-09-07,SA,680.0,-380.0,-3560.0,-3260.0
2026-09-07,SF,18700.0,-1550.0,-3870.0,13280.0
2026-09-07,SH,1650.0,180.0,60.0,1890.0
2026-09-07,SM,2610.0,-600.0,-200.0,1810.0
2026-09-07,SR,12240.0,310.0,-440.0,12110.0
2026-09-07,TA,-2440.0,360.0,-180.0,-2260.0
2026-09-07,UR,-500.0,420.0,-680.0,-760.0
2026-09-07,a,3840.0,30.0,-2400.0,1470.0
2026-09-07,al,-1950.0,600.0,2400.0,1050.0
2026-09-07,ao,300.0,-200.0,-240.0,-140.0
2026-09-07,b,0.0,0.0,-2730.0,-2730.0
2026-09-07,br,0.0,200.0,300.0,500.0
2026-09-07,bu,-5630.0,-890.0,3770.0,-2750.0
2026-09-07,c,-2250.0,360.0,610.0,-1280.0
2026-09-07,cs,13410.0,-50.0,-3720.0,9640.0
2026-09-07,cu,-2500.0,0.0,1400.0,-1100.0
2026-09-07,eb,-470.0,0.0,-2475.0,-2945.0
2026-09-07,eg,-70.0,-400.0,-620.0,-1090.0
2026-09-07,fu,-30.0,-80.0,710.0,600.0
2026-09-07,hc,-4060.0,-330.0,2240.0,-2150.0
2026-09-07,i,-250.0,0.0,0.0,-250.0
2026-09-07,l,-3260.0,60.0,470.0,-2730.0
2026-09-07,lh,240.0,0.0,-720.0,-480.0
2026-09-07,lu,20.0,-50.0,-750.0,-780.0
2026-09-07,m,-750.0,-450.0,290.0,-910.0
2026-09-07,ni,-140.0,0.0,220.0,80.0
2026-09-07,p,12860.0,0.0,-6100.0,6760.0
2026-09-07,pb,350.0,-25.0,-50.0,275.0
2026-09-07,pg,1280.0,940.0,-1540.0,680.0
2026-09-07,pp,3605.0,245.0,-1255.0,2595.0
2026-09-07,rb,1800.0,-300.0,-1900.0,-400.0
2026-09-07,ru,8700.0,1000.0,-1600.0,8100.0
2026-09-07,sn,60.0,0.0,-350.0,-290.0
2026-09-07,sp,-420.0,0.0,-360.0,-780.0
2026-09-07,ss,575.0,0.0,275.0,850.0
2026-09-07,v,-315.0,-255.0,140.0,-430.0
2026-09-07,y,2770.0,1650.0,-3000.0,1420.0
2026-09-07,zn,-14750.0,-625.0,4600.0,-10775.0
2026-09-08,CF,1300.0,-225.0,-100.0,975.0
2026-09-08,CY,2825.0,-1725.0,0.0,1100.0
2026-09-08,FG,-1100.0,-920.0,-3080.0,-5100.0
2026-09-08,IF,2280.0,3420.0,-2520.0000000001637,3179.9999999998363
2026-09-08,IH,-720.0,-360.0,-359.99999999994543,-1439.9999999999454
2026-09-08,MA,1520.0,-720.0,360.0,1160.0
2026-09-08,OI,-12220.0,2090.0,-1400.0,-11530.0
2026-09-08,PF,1310.0,1540.0,-1500.0,1350.0
2026-09-08,RM,-10.0,750.0,200.0,940.0
2026-09-08,SA,2700.0,480.0,2400.0,5580.0
2026-09-08,SF,-360.0,-140.0,6900.0,6400.0
2026-09-08,SH,1080.0,-1050.0,-150.0,-120.0
2026-09-08,SM,960.0,-400.0,310.0,870.0
2026-09-08,SR,11040.0,-3140.0,-2460.0,5440.0
2026-09-08,TA,14720.0,-2490.0,-7690.0,4540.0
2026-09-08,UR,140.0,-120.0,40.0,60.0
2026-09-08,a,21980.0,420.0,-5380.0,17020.0
2026-09-08,al,-3150.0,0.0,150.0,-3000.0
2026-09-08,ao,-160.0,0.0,960.0,800.0
2026-09-08,b,6510.0,-150.0,-1510.0,4850.0
2026-09-08,br,-3650.0,0.0,2950.0,-700.0
2026-09-08,bu,-7990.0,1510.0,5200.0,-1280.0
2026-09-08,c,3580.0,180.0,-2970.0,790.0
2026-09-08,cs,-1740.0,110.0,6700.0,5070.0
2026-09-08,cu,-8050.0,0.0,2400.0,-5650.0
2026-09-08,eb,9745.0,0.0,-7245.0,2500.0
2026-09-08,eg,6160.0,0.0,-4780.0,1380.0
2026-09-08,fu,-1730.0,2900.0,-980.0,190.0
2026-09-08,hc,8400.0,4640.0,-10350.0,2690.0
2026-09-08,i,0.0,0.0,500.0,500.0
2026-09-08,l,10750.0,830.0,-6665.0,4915.0
2026-09-08,lh,1040.0,0.0,-400.0,640.0
2026-09-08,lu,1790.0,-1590.0,840.0,1040.0
2026-09-08,m,270.0,-30.0,0.0,240.0
2026-09-08,ni,-720.0,-830.0,80.0,-1470.0
2026-09-08,p,10000.0,1440.0,1460.0,12900.0
2026-09-08,pb,200.0,575.0,-400.0,375.0
2026-09-08,pg,7820.0,20.0,-3340.0,4500.0
2026-09-08,pp,-5270.0,920.0,3670.0,-680.0
2026-09-08,rb,-7690.0,-5600.0,10420.0,-2870.0
2026-09-08,ru,5850.0,0.0,-1100.0,4750.0
2026-09-08,sn,210.0,-600.0,-150.0,-540.0
2026-09-08,sp,-1460.0,0.0,1520.0,60.0
2026-09-08,ss,-925.0,-25.0,-50.0,-1000.0
2026-09-08,v,740.0,3985.0,-4290.0,435.0
2026-09-08,y,9480.0,0.0,1140.0,10620.0
2026-09-08,zn,-19775.0,-1150.0,4350.0,-16575.0
2026-09-09,CF,-825.0,75.0,650.0,-100.0
2026-09-09,CY,800.0,1675.0,-2000.0,475.0
2026-09-09,FG,40.0,-300.0,440.0,180.0
2026-09-09,IF,5400.0,3360.0,-2519.999999999891,6240.000000000109
2026-09-09,IH,180.0,-660.0,-660.0000000002183,-1140.0000000002183
2026-09-09,MA,-1080.0,540.0,-1920.0,-2460.0
2026-09-09,OI,1500.0,2470.0,-5290.0,-1320.0
2026-09-09,PF,1680.0,-130.0,-1040.0,510.0
2026-09-09,RM,20.0,-360.0,640.0,300.0
2026-09-09,SA,-1200.0,-1160.0,1200.0,-1160.0
2026-09-09,SF,6000.0,3400.0,-2600.0,6800.0
2026-09-09,SH,0.0,150.0,-180.0,-30.0
2026-09-09,SM,-740.0,190.0,0.0,-550.0
2026-09-09,SR,480.0,-40.0,-170.0,270.0
2026-09-09,TA,6750.0,560.0,-3260.0,4050.0
2026-09-09,UR,180.0,380.0,60.0,620.0
2026-09-09,a,7430.0,4370.0,-7900.0,3900.0
2026-09-09,al,-2250.0,350.0,-350.0,-2250.0
2026-09-09,ao,-580.0,260.0,-1000.0,-1320.0
2026-09-09,b,-800.0,2670.0,-7920.0,-6050.0
2026-09-09,br,-1750.0,125.0,-400.0,-2025.0
2026-09-09,bu,-3570.0,-2960.0,5230.0,-1300.0
2026-09-09,c,-3280.0,-70.0,1230.0,-2120.0
2026-09-09,cs,1900.0,20.0,-4160.0,-2240.0
2026-09-09,cu,-4300.0,-1400.0,800.0,-4900.0
2026-09-09,eb,10440.0,960.0,-6830.0,4570.0
2026-09-09,eg,2400.0,960.0,-1990.0,1370.0
2026-09-09,fu,1000.0,110.0,-380.0,730.0
2026-09-09,hc,4410.0,3620.0,-6110.0,1920.0
2026-09-09,i,250.0,150.0,400.0,800.0
2026-09-09,j,0.0,600.0,350.0,950.0
2026-09-09,l,6975.0,2525.0,-8225.0,1275.0
2026-09-09,lh,-1760.0,-1760.0,1600.0,-1920.0
2026-09-09,lu,-1050.0,-450.0,80.0,-1420.0
2026-09-09,m,80.0,770.0,-1420.0,-570.0
2026-09-09,ni,320.0,1380.0,360.0,2060.0
2026-09-09,p,-1180.0,-2130.0,-1570.0,-4880.0
2026-09-09,pb,1600.0,275.0,-1800.0,75.0
2026-09-09,pg,3540.0,3060.0,-5840.0,760.0
2026-09-09,pp,-5700.0,-1850.0,8565.0,1015.0
2026-09-09,rb,-4620.0,-6000.0,7570.0,-3050.0
2026-09-09,ru,2450.0,1300.0,-2550.0,1200.0
2026-09-09,sn,-100.0,-1030.0,-600.0,-1730.0
2026-09-09,sp,380.0,1400.0,-3600.0,-1820.0
2026-09-09,ss,-1250.0,-1000.0,1875.0,-375.0
2026-09-09,v,3780.0,-580.0,-2920.0,280.0
2026-09-09,y,-4680.0,-1590.0,-2250.0,-8520.0
2026-09-09,zn,-12425.0,-12800.0,20000.0,-5225.0
2026-09-10,CF,-9300.0,750.0,2125.0,-6425.0
2026-09-10,CY,-2000.0,250.0,600.0,-1150.0
2026-09-10,FG,-2640.0,-1360.0,-60.0,-4060.0
2026-09-10,IF,9300.0,0.0,-839.999999999236,8460.000000000764
2026-09-10,IH,7320.0,180.0,-3179.9999999998363,4320.000000000164
2026-09-10,MA,6440.0,0.0,-480.0,5960.0
2026-09-10,OI,17000.0,2060.0,-11080.0,7980.0
2026-09-10,PF,2770.0,-1860.0,1360.0,2270.0
2026-09-10,RM,-780.0,210.0,80.0,-490.0
2026-09-10,SA,0.0,500.0,1600.0,2100.0
2026-09-10,SF,-320.0,730.0,4210.0,4620.0
2026-09-10,SH,120.0,270.0,-270.0,120.0
2026-09-10,SM,340.0,-40.0,-510.0,-210.0
2026-09-10,SR,-6290.0,2200.0,720.0,-3370.0
2026-09-10,TA,7430.0,570.0,2360.0,10360.0
2026-09-10,UR,540.0,-240.0,-360.0,-60.0
2026-09-10,a,7140.0,2320.0,-4480.0,4980.0
2026-09-10,al,3850.0,0.0,-5525.0,-1675.0
2026-09-10,ao,1940.0,-300.0,-480.0,1160.0
2026-09-10,b,-4800.0,-860.0,-1200.0,-6860.0
2026-09-10,br,1950.0,-3950.0,-250.0,-2250.0
2026-09-10,bu,-3300.0,870.0,-1590.0,-4020.0
2026-09-10,c,-7880.0,70.0,1770.0,-6040.0
2026-09-10,cs,36140.0,-340.0,-8010.0,27790.0
2026-09-10,cu,-15600.0,0.0,8300.0,-7300.0
2026-09-10,eb,25290.0,-970.0,-790.0,23530.0
2026-09-10,eg,8830.0,0.0,3640.0,12470.0
2026-09-10,fu,380.0,-5620.0,4640.0,-600.0
2026-09-10,hc,-21920.0,-150.0,-1960.0,-24030.0
2026-09-10,i,-700.0,0.0,500.0,-200.0
2026-09-10,j,-2750.0,0.0,-800.0,-3550.0
2026-09-10,l,17850.0,3765.0,5970.0,27585.0
2026-09-10,lh,-6560.0,0.0,1760.0,-4800.0
2026-09-10,lu,-720.0,20.0,520.0,-180.0
2026-09-10,m,620.0,230.0,-290.0,560.0
2026-09-10,ni,2220.0,0.0,450.0,2670.0
2026-09-10,p,-12120.0,340.0,-3530.0,-15310.0
2026-09-10,pb,600.0,-400.0,-1925.0,-1725.0
2026-09-10,pg,8480.0,0.0,3280.0,11760.0
2026-09-10,pp,-25310.0,-5360.0,1950.0,-28720.0
2026-09-10,rb,26790.0,-30.0,-1960.0,24800.0
2026-09-10,ru,-4200.0,1250.0,1450.0,-1500.0
2026-09-10,sn,1860.0,0.0,-2780.0,-920.0
2026-09-10,sp,10140.0,-1040.0,-3700.0,5400.0
2026-09-10,ss,325.0,-500.0,1800.0,1625.0
2026-09-10,v,950.0,1325.0,1210.0,3485.0
2026-09-10,y,-12600.0,250.0,-2200.0,-14550.0
2026-09-10,zn,350.0,0.0,-15350.0,-15000.0
2026-09-11,CF,-9800.0,-1250.0,3150.0,-7900.0
2026-09-11,CY,300.0,3200.0,-4950.0,-1450.0
2026-09-11,FG,2200.0,1420.0,-3640.0,-20.0
2026-09-11,IF,16080.0,0.0,-600.0000000002728,15479.999999999724
2026-09-11,IH,40380.0,0.0,3479.9999999999727,43859.99999999997
2026-09-11,MA,-760.0,0.0,4240.0,3480.0
2026-09-11,OI,10360.0,-2290.0,-6310.0,1760.0
2026-09-11,PF,-1660.0,1310.0,1570.0,1220.0
2026-09-11,RM,-560.0,180.0,120.0,-260.0
2026-09-11,SA,2320.0,-220.0,-4840.0,-2740.0
2026-09-11,SF,12830.0,270.0,-2330.0,10770.0
2026-09-11,SH,-870.0,-2610.0,3360.0,-120.0
2026-09-11,SM,-120.0,70.0,180.0,130.0
2026-09-11,SR,-1140.0,890.0,-60.0,-310.0
2026-09-11,TA,-1000.0,-1060.0,6910.0,4850.0
2026-09-11,UR,540.0,0.0,-240.0,300.0
2026-09-11,a,-28800.0,9020.0,8430.0,-11350.0
2026-09-11,al,21675.0,-650.0,2300.0,23325.0
2026-09-11,ao,2920.0,0.0,-1380.0,1540.0
2026-09-11,b,-640.0,480.0,11990.0,11830.0
2026-09-11,br,300.0,0.0,-500.0,-200.0
2026-09-11,bu,-7570.0,3090.0,-5620.0,-10100.0
2026-09-11,c,-4180.0,770.0,810.0,-2600.0
2026-09-11,cs,27680.0,-660.0,-8460.0,18560.0
2026-09-11,cu,23800.0,5500.0,800.0,30100.0
2026-09-11,eb,-17830.0,-3870.0,18110.0,-3590.0
2026-09-11,eg,-10830.0,1300.0,7230.0,-2300.0
2026-09-11,fu,15640.0,-250.0,-30.0,15360.0
2026-09-11,hc,-53760.0,-150.0,15170.0,-38740.0
2026-09-11,i,-1300.0,700.0,-1100.0,-1700.0
2026-09-11,j,-6600.0,0.0,3200.0,-3400.0
2026-09-11,l,-4125.0,2970.0,4205.0,3050.0
2026-09-11,lh,-4800.0,0.0,1920.0,-2880.0
2026-09-11,lu,2140.0,330.0,-140.0,2330.0
2026-09-11,m,1390.0,1350.0,-140.0,2600.0
2026-09-11,ni,-7020.0,0.0,660.0,-6360.0
2026-09-11,p,1230.0,-10170.0,14270.0,5330.0
2026-09-11,pb,-325.0,-100.0,625.0,200.0
2026-09-11,pg,-1560.0,-2540.0,10700.0,6600.0
2026-09-11,pp,2010.0,-4755.0,3255.0,510.0
2026-09-11,rb,57040.0,-30.0,-13100.0,43910.0
2026-09-11,ru,-5650.0,700.0,850.0,-4100.0
2026-09-11,sn,960.0,0.0,800.0,1760.0
2026-09-11,sp,1720.0,-300.0,80.0,1500.0
2026-09-11,ss,-18150.0,200.0,2350.0,-15600.0
2026-09-11,v,-5270.0,-2295.0,6360.0,-1205.0
2026-09-11,y,-13180.0,9280.0,10660.0,6760.0
2026-09-11,zn,69850.0,1000.0,-2300.0,68550.0
2026-09-14,CF,-10650.0,-2550.0,4625.0,-8575.0
2026-09-14,CY,9400.0,3100.0,-4000.0,8500.0
2026-09-14,FG,15600.0,-3600.0,-720.0,11280.0
2026-09-14,IF,5160.0,7440.0,-6119.999999999891,6480.000000000109
2026-09-14,IH,-960.0,-6000.0,7259.9999999994,299.99999999939973
2026-09-14,MA,-6280.0,-30.0,3110.0,-3200.0
2026-09-14,OI,2050.0,-160.0,1890.0,3780.0
2026-09-14,PF,-150.0,-40.0,1660.0,1470.0
2026-09-14,RM,-1270.0,-330.0,590.0,-1010.0
2026-09-14,SA,20640.0,-1840.0,-3720.0,15080.0
2026-09-14,SF,6400.0,-1350.0,-5550.0,-500.0
2026-09-14,SH,-6420.0,60.0,960.0,-5400.0
2026-09-14,SM,0.0,-180.0,-10.0,-190.0
2026-09-14,SR,-1200.0,-440.0,-120.0,-1760.0
2026-09-14,TA,4740.0,280.0,4180.0,9200.0
2026-09-14,UR,160.0,-120.0,100.0,140.0
2026-09-14,a,-12780.0,590.0,4700.0,-7490.0
2026-09-14,al,10000.0,650.0,2150.0,12800.0
2026-09-14,ao,1780.0,0.0,80.0,1860.0
2026-09-14,b,-25290.0,2170.0,5660.0,-17460.0
2026-09-14,br,300.0,0.0,50.0,350.0
2026-09-14,bu,-42540.0,-3880.0,21980.0,-24440.0
2026-09-14,c,-6550.0,-1080.0,3610.0,-4020.0
2026-09-14,cs,51210.0,-1510.0,-17270.0,32430.0
2026-09-14,cu,-5200.0,0.0,1200.0,-4000.0
2026-09-14,eb,-13840.0,515.0,3160.0,-10165.0
2026-09-14,eg,-13630.0,0.0,5430.0,-8200.0
2026-09-14,fu,11840.0,-3410.0,-2980.0,5450.0
2026-09-14,hc,-37720.0,1420.0,-360.0,-36660.0
2026-09-14,i,4200.0,1700.0,-2500.0,3400.0
2026-09-14,j,-3950.0,-50.0,0.0,-4000.0
2026-09-14,l,-7835.0,1210.0,6425.0,-200.0
2026-09-14,lh,-4640.0,0.0,3200.0,-1440.0
2026-09-14,lu,-500.0,140.0,130.0,-230.0
2026-09-14,m,600.0,-840.0,680.0,440.0
2026-09-14,ni,-5640.0,330.0,2930.0,-2380.0
2026-09-14,p,-15300.0,-450.0,-1060.0,-16810.0
2026-09-14,pb,-3350.0,525.0,3575.0,750.0
2026-09-14,pg,4760.0,1120.0,-1160.0,4720.0
2026-09-14,pp,-2160.0,-965.0,1075.0,-2050.0
2026-09-14,rb,32800.0,-1380.0,-370.0,31050.0
2026-09-14,ru,-7050.0,-100.0,1600.0,-5550.0
2026-09-14,sn,-460.0,0.0,740.0,280.0
2026-09-14,sp,240.0,680.0,-1340.0,-420.0
2026-09-14,ss,-6050.0,100.0,1700.0,-4250.0
2026-09-14,v,-15110.0,9145.0,1365.0,-4600.0
2026-09-14,y,-13540.0,-880.0,3180.0,-11240.0
2026-09-14,zn,31900.0,1200.0,-11475.0,21625.0
2026-09-15,CF,-20950.0,-100.0,2600.0,-18450.0
2026-09-15,CY,27350.0,-125.0,-9625.0,17600.0
2026-09-15,FG,1900.0,220.0,-760.0,1360.0
2026-09-15,IF,-15120.0,-56580.0,5759.999999999127,-65940.00000000087
2026-09-15,IH,20040.0,-32280.0,-59.999999999809006,-12299.999999999809
2026-09-15,MA,-3090.0,-3570.0,2050.0,-4610.0
2026-09-15,OI,11370.0,1060.0,260.0,12690.0
2026-09-15,PF,2800.0,-2880.0,280.0,200.0
2026-09-15,RM,200.0,220.0,-360.0,60.0
2026-09-15,SA,4560.0,-1400.0,300.0,3460.0
2026-09-15,SF,6090.0,-140.0,-3600.0,2350.0
2026-09-15,SH,-1320.0,-90.0,360.0,-1050.0
2026-09-15,SM,20.0,-70.0,320.0,270.0
2026-09-15,SR,-440.0,-1240.0,2020.0,340.0
2026-09-15,TA,6280.0,920.0,-1890.0,5310.0
2026-09-15,UR,-400.0,0.0,0.0,-400.0
2026-09-15,a,-4520.0,100.0,2890.0,-1530.0
2026-09-15,al,-6950.0,1050.0,4325.0,-1575.0
2026-09-15,ao,-80.0,0.0,-80.0,-160.0
2026-09-15,b,-5500.0,-840.0,3640.0,-2700.0
2026-09-15,br,100.0,0.0,-750.0,-650.0
2026-09-15,bu,-29300.0,-190.0,-4860.0,-34350.0
2026-09-15,c,-6930.0,-70.0,1880.0,-5120.0
2026-09-15,cs,26490.0,-800.0,-6830.0,18860.0
2026-09-15,cu,6000.0,0.0,-3600.0,2400.0
2026-09-15,eb,2500.0,0.0,-990.0,1510.0
2026-09-15,eg,1000.0,0.0,-3910.0,-2910.0
2026-09-15,fu,13540.0,240.0,530.0,14310.0
2026-09-15,hc,150.0,260.0,420.0,830.0
2026-09-15,i,3400.0,-50.0,-350.0,3000.0
2026-09-15,j,0.0,1350.0,-2050.0,-700.0
2026-09-15,l,-9140.0,-465.0,-1130.0,-10735.0
2026-09-15,lh,-8800.0,160.0,0.0,-8640.0
2026-09-15,lu,1350.0,820.0,-2610.0,-440.0
2026-09-15,m,-60.0,-740.0,290.0,-510.0
2026-09-15,ni,-3630.0,170.0,80.0,-3380.0
2026-09-15,p,-16280.0,-1980.0,7170.0,-11090.0
2026-09-15,pb,-3825.0,-400.0,2900.0,-1325.0
2026-09-15,pg,-760.0,-40.0,2440.0,1640.0
2026-09-15,pp,-2525.0,510.0,55.0,-1960.0
2026-09-15,rb,4000.0,-2600.0,-140.0,1260.0
2026-09-15,ru,-7400.0,100.0,1450.0,-5850.0
2026-09-15,sn,-1120.0,-800.0,2050.0,130.0
2026-09-15,sp,1640.0,-460.0,1000.0,2180.0
2026-09-15,ss,3000.0,-600.0,-2000.0,400.0
2026-09-15,v,-5100.0,-1845.0,6615.0,-330.0
2026-09-15,y,-5640.0,-660.0,-1460.0,-7760.0
2026-09-15,zn,21350.0,-275.0,1450.0,22525.0
2026-09-16,CF,-3375.0,-250.0,-4600.0,-8225.0
2026-09-16,CY,11625.0,0.0,2875.0,14500.0
2026-09-16,FG,720.0,-140.0,120.0,700.0
2026-09-16,IF,74880.0,-66240.0,-2099.9999999994543,6540.000000000546
2026-09-16,IH,20640.0,-11640.0,2700.000000000955,11700.000000000953
2026-09-16,MA,-9050.0,-10.0,2890.0,-6170.0
2026-09-16,OI,-10660.0,1550.0,900.0,-8210.0
2026-09-16,PF,10.0,8580.0,2940.0,11530.0
2026-09-16,RM,4800.0,-660.0,-2000.0,2140.0
2026-09-16,SA,620.0,-720.0,0.0,-100.0
2026-09-16,SF,1320.0,-430.0,-70.0,820.0
2026-09-16,SH,990.0,-3420.0,540.0,-1890.0
2026-09-16,SM,640.0,-30.0,-430.0,180.0
2026-09-16,SR,-700.0,580.0,-1590.0,-1710.0
2026-09-16,TA,5820.0,-690.0,-2110.0,3020.0
2026-09-16,UR,300.0,-80.0,-240.0,-20.0
2026-09-16,a,-250.0,-320.0,-8180.0,-8750.0
2026-09-16,al,-9100.0,-475.0,4225.0,-5350.0
2026-09-16,ao,-60.0,80.0,0.0,20.0
2026-09-16,b,28320.0,-1390.0,-6800.0,20130.0
2026-09-16,br,750.0,-5500.0,3900.0,-850.0
2026-09-16,bu,-21090.0,2250.0,5480.0,-13360.0
2026-09-16,c,680.0,-2920.0,1190.0,-1050.0
2026-09-16,cs,-2820.0,-270.0,-1480.0,-4570.0
2026-09-16,cu,4400.0,-100.0,2950.0,7250.0
2026-09-16,eb,4515.0,-75.0,2205.0,6645.0
2026-09-16,eg,4030.0,-1530.0,-1980.0,520.0
2026-09-16,fu,1200.0,6200.0,220.0,7620.0
2026-09-16,hc,1740.0,8010.0,-2660.0,7090.0
2026-09-16,i,-700.0,-700.0,450.0,-950.0
2026-09-16,j,1550.0,0.0,0.0,1550.0
2026-09-16,l,2260.0,-1050.0,4235.0,5445.0
2026-09-16,lh,0.0,3680.0,-2240.0,1440.0
2026-09-16,lu,1750.0,-20.0,200.0,1930.0
2026-09-16,m,-1980.0,440.0,650.0,-890.0
2026-09-16,ni,-18570.0,12430.0,-820.0,-6960.0
2026-09-16,p,4210.0,-1940.0,-1380.0,890.0
2026-09-16,pb,1650.0,75.0,-1950.0,-225.0
2026-09-16,pg,8920.0,-1900.0,-720.0,6300.0
2026-09-16,pp,-5845.0,1380.0,6035.0,1570.0
2026-09-16,rb,-2990.0,-8160.0,630.0,-10520.0
2026-09-16,ru,4100.0,600.0,-2450.0,2250.0
2026-09-16,sn,3330.0,0.0,-1750.0,1580.0
2026-09-16,sp,-4540.0,320.0,600.0,-3620.0
2026-09-16,ss,1525.0,3825.0,-8100.0,-2750.0
2026-09-16,v,-3335.0,170.0,-2130.0,-5295.0
2026-09-16,y,8440.0,1480.0,-3360.0,6560.0
2026-09-16,zn,-3175.0,-8425.0,8000.0,-3600.0
2026-09-17,CF,-12850.0,-400.0,3200.0,-10050.0
2026-09-17,CY,10125.0,200.0,-5750.0,4575.0
2026-09-17,FG,-460.0,1740.0,-1000.0,280.0
2026-09-17,IF,5100.0,0.0,1200.0000000002728,6300.0000000002765
2026-09-17,IH,-1800.0,0.0,299.99999999972715,-1500.0000000002692
2026-09-17,MA,-3670.0,2810.0,1550.0,690.0
2026-09-17,OI,1560.0,0.0,-3720.0,-2160.0
2026-09-17,PF,11670.0,-1600.0,-8830.0,1240.0
2026-09-17,RM,680.0,70.0,960.0,1710.0
2026-09-17,SA,-2520.0,-780.0,1760.0,-1540.0
2026-09-17,SF,-170.0,-220.0,-600.0,-990.0
2026-09-17,SH,1440.0,-840.0,-180.0,420.0
2026-09-17,SM,-20.0,-250.0,300.0,30.0
2026-09-17,SR,-2830.0,-1530.0,3600.0,-760.0
2026-09-17,TA,-21300.0,1430.0,15190.0,-4680.0
2026-09-17,UR,-940.0,20.0,240.0,-680.0
2026-09-17,a,6360.0,270.0,990.0,7620.0
2026-09-17,al,-4750.0,-2725.0,325.0,-7150.0
2026-09-17,ao,440.0,0.0,-160.0,280.0
2026-09-17,b,-410.0,1100.0,250.0,940.0
2026-09-17,br,700.0,-2750.0,-350.0,-2400.0
2026-09-17,bu,-15660.0,-1950.0,930.0,-16680.0
2026-09-17,c,-4480.0,280.0,2620.0,-1580.0
2026-09-17,cs,13640.0,-560.0,-2560.0,10520.0
2026-09-17,cu,-8850.0,1450.0,1750.0,-5650.0
2026-09-17,eb,-28690.0,7300.0,8085.0,-13305.0
2026-09-17,eg,-70.0,1390.0,1060.0,2380.0
2026-09-17,fu,-5100.0,0.0,1400.0,-3700.0
2026-09-17,hc,-5060.0,-260.0,13960.0,8640.0
2026-09-17,i,-2050.0,550.0,100.0,-1400.0
2026-09-17,j,0.0,3300.0,-2150.0,1150.0
2026-09-17,l,-14405.0,4080.0,1055.0,-9270.0
2026-09-17,lh,-960.0,0.0,640.0,-320.0
2026-09-17,lu,300.0,0.0,-800.0,-500.0
2026-09-17,m,-330.0,200.0,-300.0,-430.0
2026-09-17,ni,3670.0,810.0,-3510.0,970.0
2026-09-17,p,6340.0,-1440.0,-5870.0,-970.0
2026-09-17,pb,9950.0,-725.0,-4600.0,4625.0
2026-09-17,pg,-19060.0,-1300.0,10180.0,-10180.0
2026-09-17,pp,-1695.0,-1645.0,-6590.0,-9930.0
2026-09-17,rb,5330.0,-50.0,-8670.0,-3390.0
2026-09-17,ru,1000.0,1700.0,1400.0,4100.0
2026-09-17,sn,5640.0,0.0,-2810.0,2830.0
2026-09-17,sp,7920.0,-500.0,-1120.0,6300.0
2026-09-17,ss,10075.0,1175.0,-2750.0,8500.0
2026-09-17,v,-2535.0,-4630.0,7590.0,425.0
2026-09-17,y,-3780.0,-860.0,3480.0,-1160.0
2026-09-17,zn,-6300.0,0.0,8050.0,1750.0
2026-09-18,CF,-11475.0,-275.0,4500.0,-7250.0
2026-09-18,CY,13825.0,0.0,-7400.0,6425.0
2026-09-18,FG,60.0,1980.0,-6100.0,-4060.0
2026-09-18,IF,-6000.0,-1560.0,1260.000000000764,-6299.999999999229
2026-09-18,IH,-8700.0,1080.0,359.99999999994543,-7260.000000000058
2026-09-18,MA,-3680.0,460.0,1450.0,-1770.0
2026-09-18,OI,5100.0,0.0,3480.0,8580.0
2026-09-18,PF,23020.0,610.0,-5920.0,17710.0
2026-09-18,RM,-480.0,450.0,640.0,610.0
2026-09-18,SA,-660.0,-2240.0,5100.0,2200.0
2026-09-18,SF,2830.0,30.0,1000.0,3860.0
2026-09-18,SH,300.0,810.0,-450.0,660.0
2026-09-18,SM,-320.0,110.0,480.0,270.0
2026-09-18,SR,-6080.0,420.0,280.0,-5380.0
2026-09-18,TA,-37520.0,780.0,10410.0,-26330.0
2026-09-18,UR,120.0,280.0,-280.0,120.0
2026-09-18,a,-15510.0,710.0,6330.0,-8470.0
2026-09-18,al,-6000.0,-250.0,375.0,-5875.0
2026-09-18,ao,-640.0,0.0,20.0,-620.0
2026-09-18,b,-12000.0,1040.0,3590.0,-7370.0
2026-09-18,br,500.0,750.0,-500.0,750.0
2026-09-18,bu,-31090.0,3260.0,7370.0,-20460.0
2026-09-18,c,-1870.0,-700.0,1890.0,-680.0
2026-09-18,cs,5760.0,290.0,1340.0,7390.0
2026-09-18,cu,-3150.0,0.0,4200.0,1050.0
2026-09-18,eb,-7685.0,840.0,180.0,-6665.0
2026-09-18,eg,-9440.0,-1240.0,3920.0,-6760.0
2026-09-18,fu,-3380.0,0.0,1020.0,-2360.0
2026-09-18,hc,-55500.0,620.0,17520.0,-37360.0
2026-09-18,i,-3500.0,-1400.0,1350.0,-3550.0
2026-09-18,j,11250.0,0.0,-3300.0,7950.0
2026-09-18,l,-2565.0,2850.0,-1060.0,-775.0
2026-09-18,lh,4800.0,0.0,-1440.0,3360.0
2026-09-18,lu,-50.0,-160.0,-450.0,-660.0
2026-09-18,m,3040.0,-3330.0,620.0,330.0
2026-09-18,ni,6060.0,-980.0,-850.0,4230.0
2026-09-18,p,-1490.0,-880.0,1960.0,-410.0
2026-09-18,pb,10325.0,-50.0,-400.0,9875.0
2026-09-18,pg,-25340.0,80.0,4680.0,-20580.0
2026-09-18,pp,7115.0,-1705.0,1395.0,6805.0
2026-09-18,rb,47360.0,-30.0,-11710.0,35620.0
2026-09-18,ru,-4850.0,50.0,2100.0,-2700.0
2026-09-18,si,0.0,0.0,0.0,0.0
2026-09-18,sn,7880.0,0.0,-1430.0,6450.0
2026-09-18,sp,-4620.0,-1040.0,4160.0,-1500.0
2026-09-18,ss,6625.0,-200.0,-200.0,6225.0
2026-09-18,v,-14295.0,340.0,2340.0,-11615.0
2026-09-18,y,-17120.0,3680.0,4000.0,-9440.0
2026-09-18,zn,-26575.0,-150.0,-600.0,-27325.0
2026-09-21,CF,7500.0,0.0,-3325.0,4175.0
2026-09-21,CY,-15650.0,0.0,6900.0,-8750.0
2026-09-21,FG,-13600.0,240.0,7560.0,-5800.0
2026-09-21,IF,-5460.0,360.0,-600.0000000008185,-5700.000000000815
2026-09-21,IH,-1560.0,-120.0,-1260.0000000000819,-2940.000000000082
2026-09-21,MA,-2690.0,0.0,280.0,-2410.0
2026-09-21,OI,-11280.0,1140.0,2200.0,-7940.0
2026-09-21,PF,1420.0,0.0,2210.0,3630.0
2026-09-21,RM,-1320.0,0.0,300.0,-1020.0
2026-09-21,SA,6520.0,-300.0,-2640.0,3580.0
2026-09-21,SF,1280.0,410.0,-5330.0,-3640.0
2026-09-21,SH,540.0,-360.0,-450.0,-270.0
2026-09-21,SM,-240.0,480.0,200.0,440.0
2026-09-21,SR,420.0,0.0,210.0,630.0
2026-09-21,TA,-4670.0,-340.0,-3710.0,-8720.0
2026-09-21,UR,-200.0,0.0,120.0,-80.0
2026-09-21,a,2730.0,360.0,-3990.0,-900.0
2026-09-21,al,3925.0,0.0,-2125.0,1800.0
2026-09-21,ao,-1420.0,0.0,-340.0,-1760.0
2026-09-21,b,2440.0,-6580.0,1330.0,-2810.0
2026-09-21,br,-400.0,-700.0,50.0,-1050.0
2026-09-21,bu,-27430.0,110.0,-5200.0,-32520.0
2026-09-21,c,-5400.0,-120.0,3410.0,-2110.0
2026-09-21,cs,12730.0,340.0,-2400.0,10670.0
2026-09-21,cu,-7700.0,0.0,3850.0,-3850.0
2026-09-21,eb,1450.0,-1040.0,-775.0,-365.0
2026-09-21,eg,-10070.0,-880.0,2390.0,-8560.0
2026-09-21,fu,-1730.0,-3710.0,-300.0,-5740.0
2026-09-21,hc,7920.0,0.0,-4800.0,3120.0
2026-09-21,i,-1000.0,100.0,-600.0,-1500.0
2026-09-21,j,900.0,50.0,0.0,950.0
2026-09-21,l,1410.0,215.0,-1955.0,-330.0
2026-09-21,lh,5280.0,0.0,-1120.0,4160.0
2026-09-21,lu,-1140.0,60.0,170.0,-910.0
2026-09-21,m,-680.0,-140.0,-480.0,-1300.0
2026-09-21,ni,-1220.0,-240.0,-680.0,-2140.0
2026-09-21,p,1680.0,2700.0,-1360.0,3020.0
2026-09-21,pb,2500.0,375.0,-1350.0,1525.0
2026-09-21,pg,-6720.0,-1640.0,1160.0,-7200.0
2026-09-21,pp,-5355.0,-400.0,-320.0,-6075.0
2026-09-21,rb,-18950.0,0.0,12570.0,-6380.0
2026-09-21,ru,1250.0,50.0,-100.0,1200.0
2026-09-21,si,25.0,0.0,0.0,25.0
2026-09-21,sn,3220.0,0.0,-540.0,2680.0
2026-09-21,sp,-17320.0,1120.0,2640.0,-13560.0
2026-09-21,ss,975.0,-100.0,-1000.0,-125.0
2026-09-21,v,1100.0,175.0,-620.0,655.0
2026-09-21,y,-6360.0,540.0,2080.0,-3740.0
2026-09-21,zn,-5925.0,0.0,-1500.0,-7425.0
2026-09-22,CF,-5350.0,5800.0,4750.0,5200.0
2026-09-22,CY,-1050.0,-3500.0,-6700.0,-11250.0
2026-09-22,FG,-16260.0,-960.0,0.0,-17220.0
2026-09-22,IF,-9600.0,1020.0,-900.0,-9480.0
2026-09-22,IH,1080.0,-420.0,-359.9999999996726,300.0000000003274
2026-09-22,MA,2960.0,0.0,-2410.0,550.0
2026-09-22,OI,-2900.0,-840.0,-500.0,-4240.0
2026-09-22,PF,2250.0,680.0,-1440.0,1490.0
2026-09-22,RM,1520.0,-120.0,-20.0,1380.0
2026-09-22,SA,2120.0,-1520.0,3940.0,4540.0
2026-09-22,SF,5010.0,-120.0,-780.0,4110.0
2026-09-22,SH,1350.0,0.0,-450.0,900.0
2026-09-22,SM,-440.0,0.0,80.0,-360.0
2026-09-22,SR,4410.0,1200.0,-2980.0,2630.0
2026-09-22,TA,2040.0,-320.0,-1860.0,-140.0
2026-09-22,UR,-720.0,0.0,360.0,-360.0
2026-09-22,a,3880.0,-660.0,830.0,4050.0
2026-09-22,al,1225.0,0.0,600.0,1825.0
2026-09-22,ao,-820.0,160.0,440.0,-220.0
2026-09-22,b,-8630.0,120.0,5750.0,-2760.0
2026-09-22,br,-450.0,0.0,250.0,-200.0
2026-09-22,bu,56260.0,690.0,-12890.0,44060.0
2026-09-22,c,550.0,-4800.0,1260.0,-2990.0
2026-09-22,cs,1800.0,200.0,-110.0,1890.0
2026-09-22,cu,-9450.0,0.0,5250.0,-4200.0
2026-09-22,eb,1050.0,-865.0,110.0,295.0
2026-09-22,eg,-5270.0,0.0,-700.0,-5970.0
2026-09-22,fu,-1450.0,1200.0,1930.0,1680.0
2026-09-22,hc,-8550.0,130.0,11390.0,2970.0
2026-09-22,i,9000.0,-150.0,-3950.0,4900.0
2026-09-22,l,1935.0,-655.0,175.0,1455.0
2026-09-22,lh,1280.0,0.0,480.0,1760.0
2026-09-22,lu,-10.0,120.0,-220.0,-110.0
2026-09-22,m,-420.0,470.0,-60.0,-10.0
2026-09-22,ni,3390.0,-900.0,0.0,2490.0
2026-09-22,p,-3280.0,400.0,70.0,-2810.0
2026-09-22,pb,-900.0,75.0,75.0,-750.0
2026-09-22,pg,-320.0,0.0,-1600.0,-1920.0
2026-09-22,pp,1960.0,195.0,-1450.0,705.0
2026-09-22,rb,-7890.0,130.0,-10710.0,-18470.0
2026-09-22,ru,4300.0,50.0,550.0,4900.0
2026-09-22,si,-75.0,0.0,50.0,-25.0
2026-09-22,sn,1480.0,0.0,750.0,2230.0
2026-09-22,sp,-1340.0,-320.0,640.0,-1020.0
2026-09-22,ss,1625.0,-75.0,1075.0,2625.0
2026-09-22,v,1510.0,1220.0,-695.0,2035.0
2026-09-22,y,720.0,280.0,1740.0,2740.0
2026-09-22,zn,7800.0,1000.0,-6075.0,2725.0
